Institute,Academic Program Name,Quota,Seat Type,Gender,Opening Rank,Closing Rank,year,rounds
Indian Institute of Technology Bhubaneswar,"Civil Engineering (4 Years, Bachelor of Technology)",AI,OPEN,Gender-Neutral,9193,11771,2022,1
Indian Institute of Technology Bhubaneswar,"Civil Engineering (4 Years, Bachelor of Technology)",AI,OPEN,Female-only (including Supernumerary),16138,20164,2022,1
Indian Institute of Technology Bhubaneswar,"Civil Engineering (4 Years, Bachelor of Technology)",AI,EWS,Gender-Neutral,1605,1744,2022,1
Indian Institute of Technology Bhubaneswar,"Civil Engineering (4 Years, Bachelor of Technology)",AI,EWS,Female-only (including Supernumerary),3159,3159,2022,1
Indian Institute of Technology Bhubaneswar,"Civil Engineering (4 Years, Bachelor of Technology)",AI,OBC-NCL,Gender-Neutral,3997,4297,2022,1
Indian Institute of Technology Bhubaneswar,"Civil Engineering (4 Years, Bachelor of Technology)",AI,OBC-NCL,Female-only (including Supernumerary),6261,7876,2022,1
Indian Institute of Technology Bhubaneswar,"Civil Engineering (4 Years, Bachelor of Technology)",AI,SC,Gender-Neutral,1729,2252,2022,1
Indian Institute of Technology Bhubaneswar,"Civil Engineering (4 Years, Bachelor of Technology)",AI,SC,Female-only (including Supernumerary),2464,2464,2022,1
Indian Institute of Technology Bhubaneswar,"Civil Engineering (4 Years, Bachelor of Technology)",AI,ST,Gender-Neutral,677,737,2022,1
Indian Institute of Technology Bhubaneswar,"Civil Engineering (4 Years, Bachelor of Technology)",AI,ST,Female-only (including Supernumerary),990,990,2022,1
Indian Institute of Technology Bhubaneswar,"Civil Engineering and M. Tech. in Structural Engineering (5 Years, Bachelor and Master of Technology (Dual Degree))",AI,OPEN,Gender-Neutral,12316,12489,2022,1
Indian Institute of Technology Bhubaneswar,"Civil Engineering and M. Tech. in Structural Engineering (5 Years, Bachelor and Master of Technology (Dual Degree))",AI,OPEN,Female-only (including Supernumerary),18771,18771,2022,1
Indian Institute of Technology Bhubaneswar,"Civil Engineering and M. Tech. in Structural Engineering (5 Years, Bachelor and Master of Technology (Dual Degree))",AI,EWS,Gender-Neutral,1831,1831,2022,1
Indian Institute of Technology Bhubaneswar,"Civil Engineering and M. Tech. in Structural Engineering (5 Years, Bachelor and Master of Technology (Dual Degree))",AI,EWS,Female-only (including Supernumerary),3304,3304,2022,1
Indian Institute of Technology Bhubaneswar,"Civil Engineering and M. Tech. in Structural Engineering (5 Years, Bachelor and Master of Technology (Dual Degree))",AI,OBC-NCL,Gender-Neutral,4368,4498,2022,1
Indian Institute of Technology Bhubaneswar,"Civil Engineering and M. Tech. in Structural Engineering (5 Years, Bachelor and Master of Technology (Dual Degree))",AI,SC,Gender-Neutral,2262,2262,2022,1
Indian Institute of Technology Bhubaneswar,"Civil Engineering and M. Tech. in Structural Engineering (5 Years, Bachelor and Master of Technology (Dual Degree))",AI,SC,Female-only (including Supernumerary),3561,3561,2022,1
Indian Institute of Technology Bhubaneswar,"Civil Engineering and M.Tech in Transportation Engineering (5 Years, Bachelor and Master of Technology (Dual Degree))",AI,OPEN,Gender-Neutral,12668,12852,2022,1
Indian Institute of Technology Bhubaneswar,"Civil Engineering and M.Tech in Transportation Engineering (5 Years, Bachelor and Master of Technology (Dual Degree))",AI,OPEN,Female-only (including Supernumerary),20790,20790,2022,1
Indian Institute of Technology Bhubaneswar,"Civil Engineering and M.Tech in Transportation Engineering (5 Years, Bachelor and Master of Technology (Dual Degree))",AI,EWS,Gender-Neutral,1969,1969,2022,1
Indian Institute of Technology Bhubaneswar,"Civil Engineering and M.Tech in Transportation Engineering (5 Years, Bachelor and Master of Technology (Dual Degree))",AI,OBC-NCL,Gender-Neutral,4547,4628,2022,1
Indian Institute of Technology Bhubaneswar,"Civil Engineering and M.Tech in Transportation Engineering (5 Years, Bachelor and Master of Technology (Dual Degree))",AI,OBC-NCL,Female-only (including Supernumerary),7667,7667,2022,1
Indian Institute of Technology Bhubaneswar,"Civil Engineering and M.Tech in Transportation Engineering (5 Years, Bachelor and Master of Technology (Dual Degree))",AI,SC,Gender-Neutral,2306,2322,2022,1
Indian Institute of Technology Bhubaneswar,"Civil Engineering and M.Tech in Transportation Engineering (5 Years, Bachelor and Master of Technology (Dual Degree))",AI,ST,Female-only (including Supernumerary),1472,1472,2022,1
Indian Institute of Technology Bhubaneswar,"Civil Engineering and M.Tech. in Environmental Engineering (5 Years, Bachelor and Master of Technology (Dual Degree))",AI,OPEN,Gender-Neutral,11628,12500,2022,1
Indian Institute of Technology Bhubaneswar,"Civil Engineering and M.Tech. in Environmental Engineering (5 Years, Bachelor and Master of Technology (Dual Degree))",AI,OPEN,Female-only (including Supernumerary),17139,17139,2022,1
Indian Institute of Technology Bhubaneswar,"Civil Engineering and M.Tech. in Environmental Engineering (5 Years, Bachelor and Master of Technology (Dual Degree))",AI,EWS,Gender-Neutral,1844,1844,2022,1
Indian Institute of Technology Bhubaneswar,"Civil Engineering and M.Tech. in Environmental Engineering (5 Years, Bachelor and Master of Technology (Dual Degree))",AI,OBC-NCL,Gender-Neutral,3866,4717,2022,1
Indian Institute of Technology Bhubaneswar,"Civil Engineering and M.Tech. in Environmental Engineering (5 Years, Bachelor and Master of Technology (Dual Degree))",AI,SC,Gender-Neutral,1720,1720,2022,1
Indian Institute of Technology Bhubaneswar,"Civil Engineering and M.Tech. in Environmental Engineering (5 Years, Bachelor and Master of Technology (Dual Degree))",AI,SC,Female-only (including Supernumerary),3478,3584,2022,1
Indian Institute of Technology Bhubaneswar,"Civil Engineering and M.Tech. in Environmental Engineering (5 Years, Bachelor and Master of Technology (Dual Degree))",AI,ST,Gender-Neutral,910,910,2022,1
Indian Institute of Technology Bhubaneswar,"Computer Science and Engineering (4 Years, Bachelor of Technology)",AI,OPEN,Gender-Neutral,1702,2486,2022,1
Indian Institute of Technology Bhubaneswar,"Computer Science and Engineering (4 Years, Bachelor of Technology)",AI,OPEN,Female-only (including Supernumerary),3119,4620,2022,1
Indian Institute of Technology Bhubaneswar,"Computer Science and Engineering (4 Years, Bachelor of Technology)",AI,OPEN (PwD),Female-only (including Supernumerary),74,74,2022,1
Indian Institute of Technology Bhubaneswar,"Computer Science and Engineering (4 Years, Bachelor of Technology)",AI,EWS,Gender-Neutral,283,350,2022,1
Indian Institute of Technology Bhubaneswar,"Computer Science and Engineering (4 Years, Bachelor of Technology)",AI,EWS,Female-only (including Supernumerary),550,550,2022,1
Indian Institute of Technology Bhubaneswar,"Computer Science and Engineering (4 Years, Bachelor of Technology)",AI,EWS (PwD),Gender-Neutral,21,21,2022,1
Indian Institute of Technology Bhubaneswar,"Computer Science and Engineering (4 Years, Bachelor of Technology)",AI,OBC-NCL,Gender-Neutral,623,837,2022,1
Indian Institute of Technology Bhubaneswar,"Computer Science and Engineering (4 Years, Bachelor of Technology)",AI,OBC-NCL,Female-only (including Supernumerary),1208,2212,2022,1
Indian Institute of Technology Bhubaneswar,"Computer Science and Engineering (4 Years, Bachelor of Technology)",AI,OBC-NCL (PwD),Gender-Neutral,34,34,2022,1
Indian Institute of Technology Bhubaneswar,"Computer Science and Engineering (4 Years, Bachelor of Technology)",AI,SC,Gender-Neutral,280,366,2022,1
Indian Institute of Technology Bhubaneswar,"Computer Science and Engineering (4 Years, Bachelor of Technology)",AI,SC,Female-only (including Supernumerary),725,725,2022,1
Indian Institute of Technology Bhubaneswar,"Computer Science and Engineering (4 Years, Bachelor of Technology)",AI,ST,Gender-Neutral,142,204,2022,1
Indian Institute of Technology Bhubaneswar,"Computer Science and Engineering (4 Years, Bachelor of Technology)",AI,ST,Female-only (including Supernumerary),225,225,2022,1
Indian Institute of Technology Bhubaneswar,"Computer Science and Engineering (5 Years, Bachelor and Master of Technology (Dual Degree))",AI,OPEN,Gender-Neutral,2821,3017,2022,1
Indian Institute of Technology Bhubaneswar,"Computer Science and Engineering (5 Years, Bachelor and Master of Technology (Dual Degree))",AI,OPEN,Female-only (including Supernumerary),5048,5048,2022,1
Indian Institute of Technology Bhubaneswar,"Computer Science and Engineering (5 Years, Bachelor and Master of Technology (Dual Degree))",AI,EWS,Gender-Neutral,459,459,2022,1
Indian Institute of Technology Bhubaneswar,"Computer Science and Engineering (5 Years, Bachelor and Master of Technology (Dual Degree))",AI,OBC-NCL,Gender-Neutral,859,1156,2022,1
Indian Institute of Technology Bhubaneswar,"Computer Science and Engineering (5 Years, Bachelor and Master of Technology (Dual Degree))",AI,OBC-NCL,Female-only (including Supernumerary),2716,2716,2022,1
Indian Institute of Technology Bhubaneswar,"Computer Science and Engineering (5 Years, Bachelor and Master of Technology (Dual Degree))",AI,SC,Gender-Neutral,545,545,2022,1
Indian Institute of Technology Bhubaneswar,"Computer Science and Engineering (5 Years, Bachelor and Master of Technology (Dual Degree))",AI,ST,Gender-Neutral,354,354,2022,1
Indian Institute of Technology Bhubaneswar,"Electrical Engineering and M.Tech Power Electronics and Drives (5 Years, Bachelor and Master of Technology (Dual Degree))",AI,OPEN,Gender-Neutral,6355,6789,2022,1
Indian Institute of Technology Bhubaneswar,"Electrical Engineering and M.Tech Power Electronics and Drives (5 Years, Bachelor and Master of Technology (Dual Degree))",AI,OPEN,Female-only (including Supernumerary),11359,11359,2022,1
Indian Institute of Technology Bhubaneswar,"Electrical Engineering and M.Tech Power Electronics and Drives (5 Years, Bachelor and Master of Technology (Dual Degree))",AI,EWS,Gender-Neutral,1164,1164,2022,1
Indian Institute of Technology Bhubaneswar,"Electrical Engineering and M.Tech Power Electronics and Drives (5 Years, Bachelor and Master of Technology (Dual Degree))",AI,OBC-NCL,Gender-Neutral,2606,2642,2022,1
Indian Institute of Technology Bhubaneswar,"Electrical Engineering and M.Tech Power Electronics and Drives (5 Years, Bachelor and Master of Technology (Dual Degree))",AI,SC,Gender-Neutral,1190,1190,2022,1
Indian Institute of Technology Bhubaneswar,"Electrical Engineering and M.Tech Power Electronics and Drives (5 Years, Bachelor and Master of Technology (Dual Degree))",AI,SC,Female-only (including Supernumerary),2607,2607,2022,1
Indian Institute of Technology Bhubaneswar,"Electrical Engineering and M.Tech Power Electronics and Drives (5 Years, Bachelor and Master of Technology (Dual Degree))",AI,ST,Gender-Neutral,805,805,2022,1
Indian Institute of Technology Bhubaneswar,"Electrical Engineering (4 Years, Bachelor of Technology)",AI,OPEN,Gender-Neutral,4127,6257,2022,1
Indian Institute of Technology Bhubaneswar,"Electrical Engineering (4 Years, Bachelor of Technology)",AI,OPEN,Female-only (including Supernumerary),8358,9619,2022,1
Indian Institute of Technology Bhubaneswar,"Electrical Engineering (4 Years, Bachelor of Technology)",AI,EWS,Gender-Neutral,768,1029,2022,1
Indian Institute of Technology Bhubaneswar,"Electrical Engineering (4 Years, Bachelor of Technology)",AI,EWS,Female-only (including Supernumerary),1253,1253,2022,1
Indian Institute of Technology Bhubaneswar,"Electrical Engineering (4 Years, Bachelor of Technology)",AI,OBC-NCL,Gender-Neutral,1884,2308,2022,1
Indian Institute of Technology Bhubaneswar,"Electrical Engineering (4 Years, Bachelor of Technology)",AI,OBC-NCL,Female-only (including Supernumerary),4126,4343,2022,1
Indian Institute of Technology Bhubaneswar,"Electrical Engineering (4 Years, Bachelor of Technology)",AI,SC,Gender-Neutral,1137,1428,2022,1
Indian Institute of Technology Bhubaneswar,"Electrical Engineering (4 Years, Bachelor of Technology)",AI,SC,Female-only (including Supernumerary),1877,1941,2022,1
Indian Institute of Technology Bhubaneswar,"Electrical Engineering (4 Years, Bachelor of Technology)",AI,ST,Gender-Neutral,590,649,2022,1
Indian Institute of Technology Bhubaneswar,"Electrical Engineering (4 Years, Bachelor of Technology)",AI,ST,Female-only (including Supernumerary),1052,1052,2022,1
Indian Institute of Technology Bhubaneswar,"Electronics and Communication Engineering (4 Years, Bachelor of Technology)",AI,OPEN,Gender-Neutral,3084,4110,2022,1
Indian Institute of Technology Bhubaneswar,"Electronics and Communication Engineering (4 Years, Bachelor of Technology)",AI,OPEN,Female-only (including Supernumerary),5869,6675,2022,1
Indian Institute of Technology Bhubaneswar,"Electronics and Communication Engineering (4 Years, Bachelor of Technology)",AI,OPEN (PwD),Gender-Neutral,178,178,2022,1
Indian Institute of Technology Bhubaneswar,"Electronics and Communication Engineering (4 Years, Bachelor of Technology)",AI,EWS,Gender-Neutral,521,631,2022,1
Indian Institute of Technology Bhubaneswar,"Electronics and Communication Engineering (4 Years, Bachelor of Technology)",AI,EWS,Female-only (including Supernumerary),959,959,2022,1
Indian Institute of Technology Bhubaneswar,"Electronics and Communication Engineering (4 Years, Bachelor of Technology)",AI,EWS (PwD),Gender-Neutral,11P,11P,2022,1
Indian Institute of Technology Bhubaneswar,"Electronics and Communication Engineering (4 Years, Bachelor of Technology)",AI,OBC-NCL,Gender-Neutral,1146,1536,2022,1
Indian Institute of Technology Bhubaneswar,"Electronics and Communication Engineering (4 Years, Bachelor of Technology)",AI,OBC-NCL,Female-only (including Supernumerary),2826,3246,2022,1
Indian Institute of Technology Bhubaneswar,"Electronics and Communication Engineering (4 Years, Bachelor of Technology)",AI,SC,Gender-Neutral,876,1087,2022,1
Indian Institute of Technology Bhubaneswar,"Electronics and Communication Engineering (4 Years, Bachelor of Technology)",AI,SC,Female-only (including Supernumerary),1264,1386,2022,1
Indian Institute of Technology Bhubaneswar,"Electronics and Communication Engineering (4 Years, Bachelor of Technology)",AI,ST,Gender-Neutral,338,390,2022,1
Indian Institute of Technology Bhubaneswar,"Electronics and Communication Engineering (4 Years, Bachelor of Technology)",AI,ST,Female-only (including Supernumerary),853,853,2022,1
Indian Institute of Technology Bhubaneswar,"Mechanical Engineering (4 Years, Bachelor of Technology)",AI,OPEN,Gender-Neutral,4245,8494,2022,1
Indian Institute of Technology Bhubaneswar,"Mechanical Engineering (4 Years, Bachelor of Technology)",AI,OPEN,Female-only (including Supernumerary),14399,15583,2022,1
Indian Institute of Technology Bhubaneswar,"Mechanical Engineering (4 Years, Bachelor of Technology)",AI,OPEN (PwD),Gender-Neutral,68P,68P,2022,1
Indian Institute of Technology Bhubaneswar,"Mechanical Engineering (4 Years, Bachelor of Technology)",AI,EWS,Gender-Neutral,1140,1344,2022,1
Indian Institute of Technology Bhubaneswar,"Mechanical Engineering (4 Years, Bachelor of Technology)",AI,EWS,Female-only (including Supernumerary),2536,2536,2022,1
Indian Institute of Technology Bhubaneswar,"Mechanical Engineering (4 Years, Bachelor of Technology)",AI,OBC-NCL,Gender-Neutral,2925,3275,2022,1
Indian Institute of Technology Bhubaneswar,"Mechanical Engineering (4 Years, Bachelor of Technology)",AI,OBC-NCL,Female-only (including Supernumerary),5713,6573,2022,1
Indian Institute of Technology Bhubaneswar,"Mechanical Engineering (4 Years, Bachelor of Technology)",AI,SC,Gender-Neutral,1132,1885,2022,1
Indian Institute of Technology Bhubaneswar,"Mechanical Engineering (4 Years, Bachelor of Technology)",AI,SC,Female-only (including Supernumerary),2505,2505,2022,1
Indian Institute of Technology Bhubaneswar,"Mechanical Engineering (4 Years, Bachelor of Technology)",AI,ST,Gender-Neutral,532,867,2022,1
Indian Institute of Technology Bhubaneswar,"Mechanical Engineering (4 Years, Bachelor of Technology)",AI,ST,Female-only (including Supernumerary),1079,1079,2022,1
Indian Institute of Technology Bhubaneswar,"Mechanical Engineering and M. Tech. in Mechanical System Design (5 Years, Bachelor and Master of Technology (Dual Degree))",AI,OPEN,Gender-Neutral,8741,9322,2022,1
Indian Institute of Technology Bhubaneswar,"Mechanical Engineering and M. Tech. in Mechanical System Design (5 Years, Bachelor and Master of Technology (Dual Degree))",AI,OPEN,Female-only (including Supernumerary),16422,16422,2022,1
Indian Institute of Technology Bhubaneswar,"Mechanical Engineering and M. Tech. in Mechanical System Design (5 Years, Bachelor and Master of Technology (Dual Degree))",AI,EWS,Gender-Neutral,1606,1606,2022,1
Indian Institute of Technology Bhubaneswar,"Mechanical Engineering and M. Tech. in Mechanical System Design (5 Years, Bachelor and Master of Technology (Dual Degree))",AI,OBC-NCL,Gender-Neutral,3310,3658,2022,1
Indian Institute of Technology Bhubaneswar,"Mechanical Engineering and M. Tech. in Mechanical System Design (5 Years, Bachelor and Master of Technology (Dual Degree))",AI,OBC-NCL,Female-only (including Supernumerary),8144,8144,2022,1
Indian Institute of Technology Bhubaneswar,"Mechanical Engineering and M. Tech. in Mechanical System Design (5 Years, Bachelor and Master of Technology (Dual Degree))",AI,SC,Gender-Neutral,1983,2036,2022,1
Indian Institute of Technology Bhubaneswar,"Mechanical Engineering and M. Tech. in Mechanical System Design (5 Years, Bachelor and Master of Technology (Dual Degree))",AI,ST,Gender-Neutral,957,957,2022,1
Indian Institute of Technology Bhubaneswar,"Mechanical Engineering and M. Tech. in Mechanical System Design (5 Years, Bachelor and Master of Technology (Dual Degree))",AI,ST,Female-only (including Supernumerary),1430,1430,2022,1
Indian Institute of Technology Bhubaneswar,"Mechanical Engineering and M. Tech. in Thermal Science & Engineering (5 Years, Bachelor and Master of Technology (Dual Degree))",AI,OPEN,Gender-Neutral,8812,9727,2022,1
Indian Institute of Technology Bhubaneswar,"Mechanical Engineering and M. Tech. in Thermal Science & Engineering (5 Years, Bachelor and Master of Technology (Dual Degree))",AI,OPEN,Female-only (including Supernumerary),19088,19088,2022,1
Indian Institute of Technology Bhubaneswar,"Mechanical Engineering and M. Tech. in Thermal Science & Engineering (5 Years, Bachelor and Master of Technology (Dual Degree))",AI,EWS,Gender-Neutral,1482,1482,2022,1
Indian Institute of Technology Bhubaneswar,"Mechanical Engineering and M. Tech. in Thermal Science & Engineering (5 Years, Bachelor and Master of Technology (Dual Degree))",AI,OBC-NCL,Gender-Neutral,3776,4012,2022,1
Indian Institute of Technology Bhubaneswar,"Mechanical Engineering and M. Tech. in Thermal Science & Engineering (5 Years, Bachelor and Master of Technology (Dual Degree))",AI,OBC-NCL,Female-only (including Supernumerary),7954,7954,2022,1
Indian Institute of Technology Bhubaneswar,"Mechanical Engineering and M. Tech. in Thermal Science & Engineering (5 Years, Bachelor and Master of Technology (Dual Degree))",AI,SC,Gender-Neutral,2301,2301,2022,1
Indian Institute of Technology Bhubaneswar,"Mechanical Engineering and M. Tech. in Thermal Science & Engineering (5 Years, Bachelor and Master of Technology (Dual Degree))",AI,SC,Female-only (including Supernumerary),3317,3317,2022,1
Indian Institute of Technology Bhubaneswar,"Mechanical Engineering and M. Tech. in Thermal Science & Engineering (5 Years, Bachelor and Master of Technology (Dual Degree))",AI,ST,Gender-Neutral,1026,1026,2022,1
Indian Institute of Technology Bhubaneswar,"Mechanical Engineering with M.Tech. in Manufacturing Engineering (5 Years, Bachelor and Master of Technology (Dual Degree))",AI,OPEN,Gender-Neutral,9634,9963,2022,1
Indian Institute of Technology Bhubaneswar,"Mechanical Engineering with M.Tech. in Manufacturing Engineering (5 Years, Bachelor and Master of Technology (Dual Degree))",AI,OPEN,Female-only (including Supernumerary),17940,17940,2022,1
Indian Institute of Technology Bhubaneswar,"Mechanical Engineering with M.Tech. in Manufacturing Engineering (5 Years, Bachelor and Master of Technology (Dual Degree))",AI,EWS,Gender-Neutral,1492,1724,2022,1
Indian Institute of Technology Bhubaneswar,"Mechanical Engineering with M.Tech. in Manufacturing Engineering (5 Years, Bachelor and Master of Technology (Dual Degree))",AI,OBC-NCL,Gender-Neutral,3622,4064,2022,1
Indian Institute of Technology Bhubaneswar,"Mechanical Engineering with M.Tech. in Manufacturing Engineering (5 Years, Bachelor and Master of Technology (Dual Degree))",AI,OBC-NCL,Female-only (including Supernumerary),8336,8336,2022,1
Indian Institute of Technology Bhubaneswar,"Mechanical Engineering with M.Tech. in Manufacturing Engineering (5 Years, Bachelor and Master of Technology (Dual Degree))",AI,SC,Gender-Neutral,2172,2172,2022,1
Indian Institute of Technology Bhubaneswar,"Mechanical Engineering with M.Tech. in Manufacturing Engineering (5 Years, Bachelor and Master of Technology (Dual Degree))",AI,SC,Female-only (including Supernumerary),3285,3285,2022,1
Indian Institute of Technology Bhubaneswar,"Mechanical Engineering with M.Tech. in Manufacturing Engineering (5 Years, Bachelor and Master of Technology (Dual Degree))",AI,ST,Gender-Neutral,1025,1025,2022,1
Indian Institute of Technology Bhubaneswar,"Metallurgical and Materials Engineering (4 Years, Bachelor of Technology)",AI,OPEN,Gender-Neutral,9407,12271,2022,1
Indian Institute of Technology Bhubaneswar,"Metallurgical and Materials Engineering (4 Years, Bachelor of Technology)",AI,OPEN,Female-only (including Supernumerary),18657,18693,2022,1
Indian Institute of Technology Bhubaneswar,"Metallurgical and Materials Engineering (4 Years, Bachelor of Technology)",AI,EWS,Gender-Neutral,1866,1866,2022,1
Indian Institute of Technology Bhubaneswar,"Metallurgical and Materials Engineering (4 Years, Bachelor of Technology)",AI,EWS,Female-only (including Supernumerary),3442,3442,2022,1
Indian Institute of Technology Bhubaneswar,"Metallurgical and Materials Engineering (4 Years, Bachelor of Technology)",AI,OBC-NCL,Gender-Neutral,3845,4644,2022,1
Indian Institute of Technology Bhubaneswar,"Metallurgical and Materials Engineering (4 Years, Bachelor of Technology)",AI,OBC-NCL,Female-only (including Supernumerary),7466,7466,2022,1
Indian Institute of Technology Bhubaneswar,"Metallurgical and Materials Engineering (4 Years, Bachelor of Technology)",AI,SC,Gender-Neutral,2021,2400,2022,1
Indian Institute of Technology Bhubaneswar,"Metallurgical and Materials Engineering (4 Years, Bachelor of Technology)",AI,SC,Female-only (including Supernumerary),3423,3423,2022,1
Indian Institute of Technology Bhubaneswar,"Metallurgical and Materials Engineering (4 Years, Bachelor of Technology)",AI,ST,Gender-Neutral,1206,1206,2022,1
Indian Institute of Technology Bhubaneswar,"Metallurgical and Materials Engineering (4 Years, Bachelor of Technology)",AI,ST,Female-only (including Supernumerary),1239,1239,2022,1
Indian Institute of Technology Bhubaneswar,"Metallurgical and Materials Engineering (5 Years, Bachelor and Master of Technology (Dual Degree))",AI,OPEN,Gender-Neutral,11753,12759,2022,1
Indian Institute of Technology Bhubaneswar,"Metallurgical and Materials Engineering (5 Years, Bachelor and Master of Technology (Dual Degree))",AI,OPEN,Female-only (including Supernumerary),14070,14070,2022,1
Indian Institute of Technology Bhubaneswar,"Metallurgical and Materials Engineering (5 Years, Bachelor and Master of Technology (Dual Degree))",AI,EWS,Gender-Neutral,1874,1874,2022,1
Indian Institute of Technology Bhubaneswar,"Metallurgical and Materials Engineering (5 Years, Bachelor and Master of Technology (Dual Degree))",AI,OBC-NCL,Gender-Neutral,4865,4891,2022,1
Indian Institute of Technology Bhubaneswar,"Metallurgical and Materials Engineering (5 Years, Bachelor and Master of Technology (Dual Degree))",AI,OBC-NCL,Female-only (including Supernumerary),8399,8399,2022,1
Indian Institute of Technology Bhubaneswar,"Metallurgical and Materials Engineering (5 Years, Bachelor and Master of Technology (Dual Degree))",AI,SC,Gender-Neutral,1624,1624,2022,1
Indian Institute of Technology Bhubaneswar,"Metallurgical and Materials Engineering (5 Years, Bachelor and Master of Technology (Dual Degree))",AI,ST,Gender-Neutral,1274,1274,2022,1
Indian Institute of Technology Bombay,"Aerospace Engineering (4 Years, Bachelor of Technology)",AI,OPEN,Gender-Neutral,577,2119,2022,1
Indian Institute of Technology Bombay,"Aerospace Engineering (4 Years, Bachelor of Technology)",AI,OPEN,Female-only (including Supernumerary),485,3968,2022,1
Indian Institute of Technology Bombay,"Aerospace Engineering (4 Years, Bachelor of Technology)",AI,OPEN (PwD),Gender-Neutral,164,164,2022,1
Indian Institute of Technology Bombay,"Aerospace Engineering (4 Years, Bachelor of Technology)",AI,EWS,Gender-Neutral,236,493,2022,1
Indian Institute of Technology Bombay,"Aerospace Engineering (4 Years, Bachelor of Technology)",AI,EWS,Female-only (including Supernumerary),1145,1220,2022,1
Indian Institute of Technology Bombay,"Aerospace Engineering (4 Years, Bachelor of Technology)",AI,OBC-NCL,Gender-Neutral,698,1159,2022,1
Indian Institute of Technology Bombay,"Aerospace Engineering (4 Years, Bachelor of Technology)",AI,OBC-NCL,Female-only (including Supernumerary),2993,3327,2022,1
Indian Institute of Technology Bombay,"Aerospace Engineering (4 Years, Bachelor of Technology)",AI,OBC-NCL (PwD),Gender-Neutral,14P,14P,2022,1
Indian Institute of Technology Bombay,"Aerospace Engineering (4 Years, Bachelor of Technology)",AI,SC,Gender-Neutral,275,636,2022,1
Indian Institute of Technology Bombay,"Aerospace Engineering (4 Years, Bachelor of Technology)",AI,SC,Female-only (including Supernumerary),470,1141,2022,1
Indian Institute of Technology Bombay,"Aerospace Engineering (4 Years, Bachelor of Technology)",AI,SC (PwD),Gender-Neutral,8P,8P,2022,1
Indian Institute of Technology Bombay,"Aerospace Engineering (4 Years, Bachelor of Technology)",AI,ST,Gender-Neutral,234,391,2022,1
Indian Institute of Technology Bombay,"Aerospace Engineering (4 Years, Bachelor of Technology)",AI,ST,Female-only (including Supernumerary),231,231,2022,1
Indian Institute of Technology Bombay,"BS in Mathematics (4 Years, Bachelor of Science)",AI,OPEN,Gender-Neutral,552,1557,2022,1
Indian Institute of Technology Bombay,"BS in Mathematics (4 Years, Bachelor of Science)",AI,OPEN,Female-only (including Supernumerary),1248,3895,2022,1
Indian Institute of Technology Bombay,"BS in Mathematics (4 Years, Bachelor of Science)",AI,EWS,Gender-Neutral,372,564,2022,1
Indian Institute of Technology Bombay,"BS in Mathematics (4 Years, Bachelor of Science)",AI,OBC-NCL,Gender-Neutral,1148,1789,2022,1
Indian Institute of Technology Bombay,"BS in Mathematics (4 Years, Bachelor of Science)",AI,OBC-NCL,Female-only (including Supernumerary),1924,1924,2022,1
Indian Institute of Technology Bombay,"BS in Mathematics (4 Years, Bachelor of Science)",AI,SC,Gender-Neutral,548,742,2022,1
Indian Institute of Technology Bombay,"BS in Mathematics (4 Years, Bachelor of Science)",AI,SC,Female-only (including Supernumerary),2391,2391,2022,1
Indian Institute of Technology Bombay,"BS in Mathematics (4 Years, Bachelor of Science)",AI,ST,Gender-Neutral,427,427,2022,1
Indian Institute of Technology Bombay,"Chemical Engineering (4 Years, Bachelor of Technology)",AI,OPEN,Gender-Neutral,1420,2081,2022,1
Indian Institute of Technology Bombay,"Chemical Engineering (4 Years, Bachelor of Technology)",AI,OPEN,Female-only (including Supernumerary),2571,4591,2022,1
Indian Institute of Technology Bombay,"Chemical Engineering (4 Years, Bachelor of Technology)",AI,OPEN (PwD),Gender-Neutral,94,137,2022,1
Indian Institute of Technology Bombay,"Chemical Engineering (4 Years, Bachelor of Technology)",AI,EWS,Gender-Neutral,337,440,2022,1
Indian Institute of Technology Bombay,"Chemical Engineering (4 Years, Bachelor of Technology)",AI,EWS,Female-only (including Supernumerary),934,1102,2022,1
Indian Institute of Technology Bombay,"Chemical Engineering (4 Years, Bachelor of Technology)",AI,OBC-NCL,Gender-Neutral,683,1160,2022,1
Indian Institute of Technology Bombay,"Chemical Engineering (4 Years, Bachelor of Technology)",AI,OBC-NCL,Female-only (including Supernumerary),2395,3567,2022,1
Indian Institute of Technology Bombay,"Chemical Engineering (4 Years, Bachelor of Technology)",AI,OBC-NCL (PwD),Gender-Neutral,10P,13P,2022,1
Indian Institute of Technology Bombay,"Chemical Engineering (4 Years, Bachelor of Technology)",AI,SC,Gender-Neutral,416,698,2022,1
Indian Institute of Technology Bombay,"Chemical Engineering (4 Years, Bachelor of Technology)",AI,SC,Female-only (including Supernumerary),885,1343,2022,1
Indian Institute of Technology Bombay,"Chemical Engineering (4 Years, Bachelor of Technology)",AI,ST,Gender-Neutral,270,404,2022,1
Indian Institute of Technology Bombay,"Chemical Engineering (4 Years, Bachelor of Technology)",AI,ST,Female-only (including Supernumerary),680,695,2022,1
Indian Institute of Technology Bombay,"Chemistry (4 Years, Bachelor of Science)",AI,OPEN,Gender-Neutral,1664,5323,2022,1
Indian Institute of Technology Bombay,"Chemistry (4 Years, Bachelor of Science)",AI,OPEN,Female-only (including Supernumerary),10036,10957,2022,1
Indian Institute of Technology Bombay,"Chemistry (4 Years, Bachelor of Science)",AI,EWS,Gender-Neutral,1001,1165,2022,1
Indian Institute of Technology Bombay,"Chemistry (4 Years, Bachelor of Science)",AI,EWS,Female-only (including Supernumerary),1968,1968,2022,1
Indian Institute of Technology Bombay,"Chemistry (4 Years, Bachelor of Science)",AI,OBC-NCL,Gender-Neutral,2261,3028,2022,1
Indian Institute of Technology Bombay,"Chemistry (4 Years, Bachelor of Science)",AI,OBC-NCL,Female-only (including Supernumerary),6306,6728,2022,1
Indian Institute of Technology Bombay,"Chemistry (4 Years, Bachelor of Science)",AI,SC,Gender-Neutral,1161,1623,2022,1
Indian Institute of Technology Bombay,"Chemistry (4 Years, Bachelor of Science)",AI,SC,Female-only (including Supernumerary),2399,2399,2022,1
Indian Institute of Technology Bombay,"Chemistry (4 Years, Bachelor of Science)",AI,ST,Gender-Neutral,969,1024,2022,1
Indian Institute of Technology Bombay,"Chemistry (4 Years, Bachelor of Science)",AI,ST,Female-only (including Supernumerary),1240,1240,2022,1
Indian Institute of Technology Bombay,"Civil Engineering (4 Years, Bachelor of Technology)",AI,OPEN,Gender-Neutral,1941,3418,2022,1
Indian Institute of Technology Bombay,"Civil Engineering (4 Years, Bachelor of Technology)",AI,OPEN,Female-only (including Supernumerary),4728,7079,2022,1
Indian Institute of Technology Bombay,"Civil Engineering (4 Years, Bachelor of Technology)",AI,OPEN (PwD),Gender-Neutral,141,156,2022,1
Indian Institute of Technology Bombay,"Civil Engineering (4 Years, Bachelor of Technology)",AI,EWS,Gender-Neutral,441,678,2022,1
Indian Institute of Technology Bombay,"Civil Engineering (4 Years, Bachelor of Technology)",AI,EWS,Female-only (including Supernumerary),1325,1524,2022,1
Indian Institute of Technology Bombay,"Civil Engineering (4 Years, Bachelor of Technology)",AI,EWS (PwD),Gender-Neutral,2P,2P,2022,1
Indian Institute of Technology Bombay,"Civil Engineering (4 Years, Bachelor of Technology)",AI,OBC-NCL,Gender-Neutral,991,1588,2022,1
Indian Institute of Technology Bombay,"Civil Engineering (4 Years, Bachelor of Technology)",AI,OBC-NCL,Female-only (including Supernumerary),2559,3988,2022,1
Indian Institute of Technology Bombay,"Civil Engineering (4 Years, Bachelor of Technology)",AI,OBC-NCL (PwD),Gender-Neutral,38P,68P,2022,1
Indian Institute of Technology Bombay,"Civil Engineering (4 Years, Bachelor of Technology)",AI,SC,Gender-Neutral,253,846,2022,1
Indian Institute of Technology Bombay,"Civil Engineering (4 Years, Bachelor of Technology)",AI,SC,Female-only (including Supernumerary),1193,1817,2022,1
Indian Institute of Technology Bombay,"Civil Engineering (4 Years, Bachelor of Technology)",AI,ST,Gender-Neutral,72,257,2022,1
Indian Institute of Technology Bombay,"Civil Engineering (4 Years, Bachelor of Technology)",AI,ST,Female-only (including Supernumerary),526,612,2022,1
Indian Institute of Technology Bombay,"Computer Science and Engineering (4 Years, Bachelor of Technology)",AI,OPEN,Gender-Neutral,1,60,2022,1
Indian Institute of Technology Bombay,"Computer Science and Engineering (4 Years, Bachelor of Technology)",AI,OPEN,Female-only (including Supernumerary),16,305,2022,1
Indian Institute of Technology Bombay,"Computer Science and Engineering (4 Years, Bachelor of Technology)",AI,OPEN (PwD),Gender-Neutral,2,5,2022,1
Indian Institute of Technology Bombay,"Computer Science and Engineering (4 Years, Bachelor of Technology)",AI,EWS,Gender-Neutral,5,18,2022,1
Indian Institute of Technology Bombay,"Computer Science and Engineering (4 Years, Bachelor of Technology)",AI,EWS,Female-only (including Supernumerary),33,51,2022,1
Indian Institute of Technology Bombay,"Computer Science and Engineering (4 Years, Bachelor of Technology)",AI,EWS (PwD),Gender-Neutral,2,2,2022,1
Indian Institute of Technology Bombay,"Computer Science and Engineering (4 Years, Bachelor of Technology)",AI,OBC-NCL,Gender-Neutral,9,51,2022,1
Indian Institute of Technology Bombay,"Computer Science and Engineering (4 Years, Bachelor of Technology)",AI,OBC-NCL,Female-only (including Supernumerary),29,136,2022,1
Indian Institute of Technology Bombay,"Computer Science and Engineering (4 Years, Bachelor of Technology)",AI,OBC-NCL (PwD),Gender-Neutral,1,2,2022,1
Indian Institute of Technology Bombay,"Computer Science and Engineering (4 Years, Bachelor of Technology)",AI,OBC-NCL (PwD),Female-only (including Supernumerary),45,45,2022,1
Indian Institute of Technology Bombay,"Computer Science and Engineering (4 Years, Bachelor of Technology)",AI,SC,Gender-Neutral,1,22,2022,1
Indian Institute of Technology Bombay,"Computer Science and Engineering (4 Years, Bachelor of Technology)",AI,SC,Female-only (including Supernumerary),63,107,2022,1
Indian Institute of Technology Bombay,"Computer Science and Engineering (4 Years, Bachelor of Technology)",AI,SC (PwD),Gender-Neutral,1,1,2022,1
Indian Institute of Technology Bombay,"Computer Science and Engineering (4 Years, Bachelor of Technology)",AI,ST,Gender-Neutral,1,9,2022,1
Indian Institute of Technology Bombay,"Computer Science and Engineering (4 Years, Bachelor of Technology)",AI,ST,Female-only (including Supernumerary),11,55,2022,1
Indian Institute of Technology Bombay,"Computer Science and Engineering (4 Years, Bachelor of Technology)",AI,ST (PwD),Gender-Neutral,2,2,2022,1
Indian Institute of Technology Bombay,"Economics (4 Years, Bachelor of Science)",AI,OPEN,Gender-Neutral,1577,2107,2022,1
Indian Institute of Technology Bombay,"Economics (4 Years, Bachelor of Science)",AI,OPEN,Female-only (including Supernumerary),3238,3551,2022,1
Indian Institute of Technology Bombay,"Economics (4 Years, Bachelor of Science)",AI,OPEN (PwD),Gender-Neutral,61,61,2022,1
Indian Institute of Technology Bombay,"Economics (4 Years, Bachelor of Science)",AI,EWS,Gender-Neutral,377,437,2022,1
Indian Institute of Technology Bombay,"Economics (4 Years, Bachelor of Science)",AI,EWS,Female-only (including Supernumerary),674,674,2022,1
Indian Institute of Technology Bombay,"Economics (4 Years, Bachelor of Science)",AI,OBC-NCL,Gender-Neutral,496,1136,2022,1
Indian Institute of Technology Bombay,"Economics (4 Years, Bachelor of Science)",AI,OBC-NCL,Female-only (including Supernumerary),1693,1693,2022,1
Indian Institute of Technology Bombay,"Economics (4 Years, Bachelor of Science)",AI,SC,Gender-Neutral,559,882,2022,1
Indian Institute of Technology Bombay,"Economics (4 Years, Bachelor of Science)",AI,SC,Female-only (including Supernumerary),1215,1215,2022,1
Indian Institute of Technology Bombay,"Economics (4 Years, Bachelor of Science)",AI,ST,Gender-Neutral,274,436,2022,1
Indian Institute of Technology Bombay,"Economics (4 Years, Bachelor of Science)",AI,ST,Female-only (including Supernumerary),1102,1102,2022,1
Indian Institute of Technology Bombay,"Electrical Engineering (4 Years, Bachelor of Technology)",AI,OPEN,Gender-Neutral,103,369,2022,1
Indian Institute of Technology Bombay,"Electrical Engineering (4 Years, Bachelor of Technology)",AI,OPEN,Female-only (including Supernumerary),1065,1283,2022,1
Indian Institute of Technology Bombay,"Electrical Engineering (4 Years, Bachelor of Technology)",AI,OPEN (PwD),Gender-Neutral,38,38,2022,1
Indian Institute of Technology Bombay,"Electrical Engineering (4 Years, Bachelor of Technology)",AI,OPEN (PwD),Female-only (including Supernumerary),158,158,2022,1
Indian Institute of Technology Bombay,"Electrical Engineering (4 Years, Bachelor of Technology)",AI,EWS,Gender-Neutral,64,114,2022,1
Indian Institute of Technology Bombay,"Electrical Engineering (4 Years, Bachelor of Technology)",AI,EWS,Female-only (including Supernumerary),155,203,2022,1
Indian Institute of Technology Bombay,"Electrical Engineering (4 Years, Bachelor of Technology)",AI,OBC-NCL,Gender-Neutral,99,271,2022,1
Indian Institute of Technology Bombay,"Electrical Engineering (4 Years, Bachelor of Technology)",AI,OBC-NCL,Female-only (including Supernumerary),194,579,2022,1
Indian Institute of Technology Bombay,"Electrical Engineering (4 Years, Bachelor of Technology)",AI,OBC-NCL (PwD),Gender-Neutral,28,28,2022,1
Indian Institute of Technology Bombay,"Electrical Engineering (4 Years, Bachelor of Technology)",AI,SC,Gender-Neutral,35,133,2022,1
Indian Institute of Technology Bombay,"Electrical Engineering (4 Years, Bachelor of Technology)",AI,SC,Female-only (including Supernumerary),61,534,2022,1
Indian Institute of Technology Bombay,"Electrical Engineering (4 Years, Bachelor of Technology)",AI,ST,Gender-Neutral,28,100,2022,1
Indian Institute of Technology Bombay,"Electrical Engineering (4 Years, Bachelor of Technology)",AI,ST,Female-only (including Supernumerary),208,208,2022,1
Indian Institute of Technology Bombay,"Electrical Engineering (5 Years, Bachelor and Master of Technology (Dual Degree))",AI,OPEN,Gender-Neutral,374,843,2022,1
Indian Institute of Technology Bombay,"Electrical Engineering (5 Years, Bachelor and Master of Technology (Dual Degree))",AI,OPEN,Female-only (including Supernumerary),1379,1901,2022,1
Indian Institute of Technology Bombay,"Electrical Engineering (5 Years, Bachelor and Master of Technology (Dual Degree))",AI,OPEN (PwD),Gender-Neutral,114,114,2022,1
Indian Institute of Technology Bombay,"Electrical Engineering (5 Years, Bachelor and Master of Technology (Dual Degree))",AI,OPEN (PwD),Female-only (including Supernumerary),82P,82P,2022,1
Indian Institute of Technology Bombay,"Electrical Engineering (5 Years, Bachelor and Master of Technology (Dual Degree))",AI,EWS,Gender-Neutral,117,228,2022,1
Indian Institute of Technology Bombay,"Electrical Engineering (5 Years, Bachelor and Master of Technology (Dual Degree))",AI,EWS,Female-only (including Supernumerary),273,445,2022,1
Indian Institute of Technology Bombay,"Electrical Engineering (5 Years, Bachelor and Master of Technology (Dual Degree))",AI,OBC-NCL,Gender-Neutral,351,519,2022,1
Indian Institute of Technology Bombay,"Electrical Engineering (5 Years, Bachelor and Master of Technology (Dual Degree))",AI,OBC-NCL,Female-only (including Supernumerary),843,1315,2022,1
Indian Institute of Technology Bombay,"Electrical Engineering (5 Years, Bachelor and Master of Technology (Dual Degree))",AI,OBC-NCL (PwD),Gender-Neutral,58,58,2022,1
Indian Institute of Technology Bombay,"Electrical Engineering (5 Years, Bachelor and Master of Technology (Dual Degree))",AI,SC,Gender-Neutral,135,267,2022,1
Indian Institute of Technology Bombay,"Electrical Engineering (5 Years, Bachelor and Master of Technology (Dual Degree))",AI,SC,Female-only (including Supernumerary),543,832,2022,1
Indian Institute of Technology Bombay,"Electrical Engineering (5 Years, Bachelor and Master of Technology (Dual Degree))",AI,ST,Gender-Neutral,105,217,2022,1
Indian Institute of Technology Bombay,"Electrical Engineering (5 Years, Bachelor and Master of Technology (Dual Degree))",AI,ST,Female-only (including Supernumerary),553,553,2022,1
Indian Institute of Technology Bombay,"Energy Engineering (4 Years, Bachelor of Technology)",AI,OPEN,Gender-Neutral,1116,2381,2022,1
Indian Institute of Technology Bombay,"Energy Engineering (4 Years, Bachelor of Technology)",AI,OPEN,Female-only (including Supernumerary),3498,4990,2022,1
Indian Institute of Technology Bombay,"Energy Engineering (4 Years, Bachelor of Technology)",AI,OPEN (PwD),Gender-Neutral,118P,118P,2022,1
Indian Institute of Technology Bombay,"Energy Engineering (4 Years, Bachelor of Technology)",AI,EWS,Gender-Neutral,582,651,2022,1
Indian Institute of Technology Bombay,"Energy Engineering (4 Years, Bachelor of Technology)",AI,EWS,Female-only (including Supernumerary),1710,1710,2022,1
Indian Institute of Technology Bombay,"Energy Engineering (4 Years, Bachelor of Technology)",AI,OBC-NCL,Gender-Neutral,1204,1710,2022,1
Indian Institute of Technology Bombay,"Energy Engineering (4 Years, Bachelor of Technology)",AI,OBC-NCL,Female-only (including Supernumerary),3576,4336,2022,1
Indian Institute of Technology Bombay,"Energy Engineering (4 Years, Bachelor of Technology)",AI,SC,Gender-Neutral,873,1045,2022,1
Indian Institute of Technology Bombay,"Energy Engineering (4 Years, Bachelor of Technology)",AI,SC,Female-only (including Supernumerary),1567,1567,2022,1
Indian Institute of Technology Bombay,"Energy Engineering (4 Years, Bachelor of Technology)",AI,ST,Gender-Neutral,555,640,2022,1
Indian Institute of Technology Bombay,"Energy Engineering (4 Years, Bachelor of Technology)",AI,ST,Female-only (including Supernumerary),904,904,2022,1
Indian Institute of Technology Bombay,"Engineering Physics (4 Years, Bachelor of Technology)",AI,OPEN,Gender-Neutral,39,1397,2022,1
Indian Institute of Technology Bombay,"Engineering Physics (4 Years, Bachelor of Technology)",AI,OPEN,Female-only (including Supernumerary),2113,3349,2022,1
Indian Institute of Technology Bombay,"Engineering Physics (4 Years, Bachelor of Technology)",AI,OPEN (PwD),Gender-Neutral,123P,123P,2022,1
Indian Institute of Technology Bombay,"Engineering Physics (4 Years, Bachelor of Technology)",AI,EWS,Gender-Neutral,190,641,2022,1
Indian Institute of Technology Bombay,"Engineering Physics (4 Years, Bachelor of Technology)",AI,EWS,Female-only (including Supernumerary),1187,1187,2022,1
Indian Institute of Technology Bombay,"Engineering Physics (4 Years, Bachelor of Technology)",AI,OBC-NCL,Gender-Neutral,1061,1515,2022,1
Indian Institute of Technology Bombay,"Engineering Physics (4 Years, Bachelor of Technology)",AI,OBC-NCL,Female-only (including Supernumerary),1758,2819,2022,1
Indian Institute of Technology Bombay,"Engineering Physics (4 Years, Bachelor of Technology)",AI,OBC-NCL (PwD),Gender-Neutral,60P,60P,2022,1
Indian Institute of Technology Bombay,"Engineering Physics (4 Years, Bachelor of Technology)",AI,SC,Gender-Neutral,498,696,2022,1
